Name,Slug,Category,Tags,Summary,Status,Source URL,Source Label
System Prompt Template,system-prompt-template,prompting,"templates, system, beginner","A flexible template for creating effective system prompts for AI assistants",published,,
Research Framework,research-framework,research,"methodology, structure, templates","Framework for conducting thorough research and documentation",published,,
Content Strategy Guide,content-strategy-guide,writing,"strategy, planning, frameworks","Comprehensive guide to developing and executing content strategies",draft,,
Debugging Best Practices,debugging-best-practices,development,"debugging, troubleshooting, tips","Essential techniques and patterns for effective software debugging",published,,
Meeting Notes Template,meeting-notes-template,productivity,"templates, organization, meetings","Standardized template for capturing and organizing meeting information",published,,
API Design Principles,api-design-principles,development,"api, design, architecture","Core principles for designing clean, scalable REST APIs",published,,
Decision Making Framework,decision-making-framework,methodology,"decision-making, frameworks, strategy","Structured approach to making complex business and technical decisions",draft,,
Knowledge Management System,knowledge-management-system,productivity,"organization, knowledge, systems","Best practices for building personal and team knowledge bases",published,,
Testing Strategy Template,testing-strategy-template,development,"testing, qa, templates","Template for creating comprehensive testing strategies",published,,
Customer Research Methods,customer-research-methods,research,"research, customer, methodology","Methods for conducting effective customer research and interviews",draft,,
